<launch4jConfig>
  <headerType>gui</headerType>
  <icon>../common/icons/beast.ico</icon>
  <classPath>
  	<mainClass>beast.app.beastapp.BeastLauncher</mainClass>
  	<cp>./lib/launcher.jar</cp>
  </classPath>
  <cmdLine>-window -working -options</cmdLine>
  <jre>
    <minVersion>1.6.0</minVersion>
    <initialHeapSize>256</initialHeapSize>
    <maxHeapSize>4048</maxHeapSize>
    <opt>-Duser.language=en</opt>
  </jre>    
  <versionInfo>
    <fileDescription>BEAST2</fileDescription>    
    <copyright>Beast 2 development team 2002-2017</copyright>
    <productName>BEAST2</productName>
    <internalName>BEAST2</internalName>
    <originalFilename>BEAST2.exe</originalFilename>    
  </versionInfo>
</launch4jConfig>
