<launch4jConfig>
  <headerType>gui</headerType>
  <icon>../common/icons/utility.ico</icon>
  <classPath>
  	<mainClass>beast.app.treeannotator.TreeAnnotatorLauncher</mainClass>
  	<cp>./lib/launcher.jar</cp>
  </classPath>
  <jre>
    <minVersion>1.6.0</minVersion>
    <initialHeapSize>256</initialHeapSize>
    <maxHeapSize>4048</maxHeapSize>
    <opt>-Duser.language=en</opt>
  </jre>    
  <versionInfo>
    <fileDescription>TreeAnnotator</fileDescription>    
    <copyright>Beast 2 development team 2002-2017</copyright>
    <productName>TreeAnnotator</productName>
    <internalName>TreeAnnotator</internalName>
    <originalFilename>TreeAnnotator.exe</originalFilename>    
  </versionInfo>
</launch4jConfig>
