<launch4jConfig>
  <headerType>gui</headerType>
  <icon>./DensiTree.ico</icon>  
  <jre>
    <minVersion>1.8.0</minVersion>
    <initialHeapSize>256</initialHeapSize>
    <maxHeapSize>4096</maxHeapSize>
    <opt>-Duser.language=en</opt>
  </jre>    
  <versionInfo>
    <fileDescription>DensiTree</fileDescription>
    <copyright>http://compevol.auckland.ac.nz/software/DensiTree/</copyright>
    <productName>DensiTree</productName>
    <internalName>DensiTree</internalName>
    <originalFilename>DensiTree.exe</originalFilename>    
  </versionInfo>
</launch4jConfig>
