<beast version='2.0'
       namespace='beast.core:beast.evolution.tree.coalescent:beast.core.util:beast.evolution.nuc:beast.evolution.operators:beast.evolution.sitemodel:beast.evolution.substitutionmodel:beast.evolution.likelihood'>

    <data id="alignment" dataType="nucleotide">
        <sequence taxon="A">
            A
        </sequence>
        <sequence taxon="B">
            A
        </sequence>
        <sequence taxon="C">
            A
        </sequence>
        <sequence taxon="D">
            A
        </sequence>
    </data>

   <tree spec='beast.util.ClusterTree' id='tree' clusterType='upgma'>
        <trait spec='beast.evolution.tree.TraitSet' traitname='date-forward' units='day'
               value='
		A  = 5000,
		B  = 5000,
		C  = 0,
		D  = 0'>
			<taxa spec='beast.evolution.alignment.TaxonSet' alignment='@alignment'/>
        </trait>
        <taxa idref='alignment'/>
    </tree>

    <parameter id="popSize" value="10000" lower="0.0"/>

    <run spec="MCMC" id="mcmc" chainLength="1000000"> <!--autoOptimize="true"-->
        <state>
            <stateNode idref='tree'/>
        </state>

        <distribution spec="CompoundDistribution" id="posterior">
            <distribution id="coalescent" spec="Coalescent">
                <treeIntervals spec='TreeIntervals' id='TreeIntervals'>
                     <tree idref="tree"/>
                </treeIntervals>
                <populationModel spec="ConstantPopulation" id='ConstantPopulation'>
                    <popSize idref="popSize"/>
                </populationModel>
            </distribution>
        </distribution>

        <operator spec='SubtreeSlide' weight="15" gaussian="true" size="14000" tree="@tree"/>

        <logger logEvery="5" fileName="test.$(seed).log">
   	        <model idref='posterior'/>
            <log idref="coalescent"/>
            <log spec='beast.evolution.tree.TreeHeightLogger' tree='@tree'/>
            <log idref="popSize"/>
            <log idref="posterior"/>
        </logger>
<!--        <logger logEvery="100" fileName="test.$(seed).trees">
            <log idref="tree"/>
        </logger>  -->
        <logger logEvery="5000">
	        <model idref='posterior'/>
            <log idref="coalescent"/>
            <log spec='beast.evolution.tree.TreeHeightLogger' tree='@tree'/>
            <log idref="popSize"/>
            <log idref="posterior"/>
        </logger>
    </run>

</beast>
