<?xml version="1.0" standalone="yes"?>
<!-- test Yule birth model and Birth Death model per Gernhard 2008-->
<beast version='2.0'
       namespace='beast.evolution.speciation:beast.core:beast.evolution.tree.coalescent:beast.core.util:beast.util:beast.evolution.nuc:beast.evolution.operators:beast.evolution.sitemodel:beast.evolution.substitutionmodel:beast.evolution.likelihood'>

    <data id="alignment" dataType="nucleotide">
        <sequence taxon="tip1">A</sequence>
        <sequence taxon="tip2">A</sequence>
        <sequence taxon="tip3">A</sequence>
        <sequence taxon="tip4">A</sequence>
        <sequence taxon="tip5">A</sequence>
        <sequence taxon="tip6">A</sequence>
        <sequence taxon="tip7">A</sequence>
        <sequence taxon="tip8">A</sequence>
        <sequence taxon="tip9">A</sequence>
        <sequence taxon="tip10">A</sequence>
        <sequence taxon="tip11">A</sequence>
        <sequence taxon="tip12">A</sequence>
        <sequence taxon="tip13">A</sequence>
        <sequence taxon="tip14">A</sequence>
        <sequence taxon="tip15">A</sequence>
        <sequence taxon="tip16">A</sequence>
        <sequence taxon="tip17">A</sequence>
        <sequence taxon="tip18">A</sequence>
        <sequence taxon="tip19">A</sequence>
        <sequence taxon="tip20">A</sequence>
        <sequence taxon="tip21">A</sequence>
        <sequence taxon="tip22">A</sequence>
        <sequence taxon="tip23">A</sequence>
        <sequence taxon="tip24">A</sequence>
        <sequence taxon="tip25">A</sequence>
        <sequence taxon="tip26">A</sequence>
        <sequence taxon="tip27">A</sequence>
        <sequence taxon="tip28">A</sequence>
        <sequence taxon="tip29">A</sequence>
        <sequence taxon="tip30">A</sequence>
        <sequence taxon="tip31">A</sequence>
        <sequence taxon="tip32">A</sequence>
        <sequence taxon="tip33">A</sequence>
        <sequence taxon="tip34">A</sequence>
        <sequence taxon="tip35">A</sequence>
        <sequence taxon="tip36">A</sequence>
        <sequence taxon="tip37">A</sequence>
        <sequence taxon="tip38">A</sequence>
        <sequence taxon="tip39">A</sequence>
        <sequence taxon="tip40">A</sequence>
        <sequence taxon="tip41">A</sequence>
        <sequence taxon="tip42">A</sequence>
        <sequence taxon="tip43">A</sequence>
        <sequence taxon="tip44">A</sequence>
        <sequence taxon="tip45">A</sequence>
        <sequence taxon="tip46">A</sequence>
        <sequence taxon="tip47">A</sequence>
        <sequence taxon="tip48">A</sequence>
        <sequence taxon="tip49">A</sequence>
        <sequence taxon="tip50">A</sequence>
        <sequence taxon="tip51">A</sequence>
        <sequence taxon="tip52">A</sequence>
        <sequence taxon="tip53">A</sequence>
        <sequence taxon="tip54">A</sequence>
        <sequence taxon="tip55">A</sequence>
        <sequence taxon="tip56">A</sequence>
        <sequence taxon="tip57">A</sequence>
        <sequence taxon="tip58">A</sequence>
        <sequence taxon="tip59">A</sequence>
        <sequence taxon="tip60">A</sequence>
        <sequence taxon="tip61">A</sequence>
        <sequence taxon="tip62">A</sequence>
        <sequence taxon="tip63">A</sequence>
        <sequence taxon="tip64">A</sequence>
        <sequence taxon="tip65">A</sequence>
        <sequence taxon="tip66">A</sequence>
        <sequence taxon="tip67">A</sequence>
        <sequence taxon="tip68">A</sequence>
        <sequence taxon="tip69">A</sequence>
        <sequence taxon="tip70">A</sequence>
        <sequence taxon="tip71">A</sequence>
        <sequence taxon="tip72">A</sequence>
        <sequence taxon="tip73">A</sequence>
        <sequence taxon="tip74">A</sequence>
        <sequence taxon="tip75">A</sequence>
        <sequence taxon="tip76">A</sequence>
        <sequence taxon="tip77">A</sequence>
        <sequence taxon="tip78">A</sequence>
        <sequence taxon="tip79">A</sequence>
        <sequence taxon="tip80">A</sequence>
        <sequence taxon="tip81">A</sequence>
        <sequence taxon="tip82">A</sequence>
        <sequence taxon="tip83">A</sequence>
        <sequence taxon="tip84">A</sequence>
        <sequence taxon="tip85">A</sequence>
        <sequence taxon="tip86">A</sequence>
        <sequence taxon="tip87">A</sequence>
        <sequence taxon="tip88">A</sequence>
        <sequence taxon="tip89">A</sequence>
        <sequence taxon="tip90">A</sequence>
        <sequence taxon="tip91">A</sequence>
        <sequence taxon="tip92">A</sequence>
        <sequence taxon="tip93">A</sequence>
        <sequence taxon="tip94">A</sequence>
        <sequence taxon="tip95">A</sequence>
        <sequence taxon="tip96">A</sequence>
        <sequence taxon="tip97">A</sequence>
        <sequence taxon="tip98">A</sequence>
        <sequence taxon="tip99">A</sequence>
        <sequence taxon="tip100">A</sequence>
    </data>

    <tree spec='beast.util.TreeParser' id='tree' IsLabelledNewick='true' newick=
            '(((((((tip1:0.51765537,tip2:0.51765537):1.88098913,(((((tip3:0.94723082,(((tip4:0.46306133,(tip5:0.02670646,tip6:0.02670646):0.43635488):0.08447266,tip7:0.54753399):0.21542859,tip8:0.76296258):0.18426824):0.45594776,((tip9:0.68205023,(tip10:0.59007096,tip11:0.59007096):0.09197927):0.58937991,(tip12:0.76225424,tip13:0.76225424):0.50917590):0.13174844):0.08173060,(((tip14:0.02976608,tip15:0.02976608):0.48301744,tip16:0.51278353):0.54763055,(tip17:0.19119167,tip18:0.19119167):0.86922240):0.42449510):0.38801157,(tip19:0.23143458,tip20:0.23143458):1.64148617):0.17409897,((tip21:0.77307129,tip22:0.77307129):0.53592813,(tip23:0.20506382,tip24:0.20506382):1.10393560):0.73802030):0.35162479):0.02576339,((((tip25:0.32121229,(tip26:0.26316428,tip27:0.26316428):0.05804801):0.38790941,((tip28:0.55540419,((tip29:0.16312003,tip30:0.16312003):0.23805451,(tip31:0.23407149,tip32:0.23407149):0.16710305):0.15422964):0.02567077,tip33:0.58107495):0.12804675):0.24478030,((tip34:0.39287305,(tip35:0.07451153,tip36:0.07451153):0.31836152):0.07606196,tip37:0.46893501):0.48496699):1.28185356,((tip38:0.11700487,tip39:0.11700487):1.15494323,(tip40:0.32525158,(tip41:0.25328469,tip42:0.25328469):0.07196689):0.94669652):0.96380746):0.18865234):0.01435280,((tip43:0.16405082,(tip44:0.12521601,tip45:0.12521601):0.03883481):1.97274828,((((tip46:0.10810447,tip47:0.10810447):0.01373482,(tip48:0.03886271,tip49:0.03886271):0.08297658):1.74483085,(((tip50:0.35445237,tip51:0.35445237):0.04023528,(tip52:0.33647442,tip53:0.33647442):0.05821323):0.39720559,tip54:0.79189324):1.07477689):0.14317274,((tip55:1.10878468,tip56:1.10878468):0.72463870,(tip57:1.71186984,((tip58:0.31573582,(tip59:0.10451436,tip60:0.10451436):0.21122146):0.68895435,tip61:1.00469017):0.70717967):0.12155354):0.17641950):0.12695622):0.30196160):0.19088215,((((tip62:0.11927843,tip63:0.11927843):1.02247763,(tip64:0.27784753,tip65:0.27784753):0.86390853):0.19806886,(((tip66:0.28163362,(tip67:0.25879192,tip68:0.25879192):0.02284169):0.06542158,tip69:0.34705520):0.50164795,(tip70:0.16952276,tip71:0.16952276):0.67918038):0.49112177):0.70577335,(tip72:0.90803885,((tip73:0.17255425,tip74:0.17255425):0.41229534,(tip75:0.43381310,tip76:0.43381310):0.15103650):0.32318926):1.13755941):0.58404458):0.17386559,(tip77:0.81837296,((tip78:0.32232690,(tip79:0.03151774,tip80:0.03151774):0.29080915):0.38924479,(tip81:0.14598846,tip82:0.14598846):0.56558323):0.10680127):1.98513547):0.26916839,((((tip83:0.09680581,tip84:0.09680581):1.28165424,(((tip85:0.03838730,tip86:0.03838730):0.38679910,tip87:0.42518640):0.15743136,((tip88:0.27265835,(tip89:0.15990353,tip90:0.15990353):0.11275482):0.29276037,((tip91:0.01698232,tip92:0.01698232):0.06633544,tip93:0.08331776):0.48210096):0.01719904):0.79584229):0.67359531,((tip94:1.57662904,((tip95:0.20006752,tip96:0.20006752):1.33100605,tip97:1.53107357):0.04555547):0.05654395,tip98:1.63317299):0.41888237):0.79951048,(tip99:0.53824568,tip100:0.53824568):2.31332016):0.22111098);'
          taxa='@alignment'/>

    <!-- A prior on the distribution node heights defined given                  -->
    <!-- a Yule speciation process (a pure birth process).                       -->
    <input spec='BirthDeathGernhard08Model' id="birthDeath">
        <birthDiffRate idref="birthRate"/>
        <relativeDeathRate idref='relativeDeathRate'/>
        <sampleProbability idref="sampleProbability"/>
        <tree idref='tree'/>
    </input>

    <parameter id="birthRate" value="1.0" lower="0.0" upper="1000000.0"/>
    <parameter id='relativeDeathRate' value='0.0' lower="0.0" upper="1.0"/>
    <parameter id="sampleProbability" value="1.0"/>

    <run spec='MCMC' chainLength="1000000">
        <state>
            <stateNode idref='birthRate'/>
            <stateNode idref='tree'/>
        </state>

        <distribution spec="CompoundDistribution" id="posterior">
            <distribution id="birthDeath.prior" idref='birthDeath'/>
            <distribution id="birthRate.prior" spec="beast.math.distributions.Prior" x="@birthRate">
                <distr id="OneOnX" offset="0.0" spec="beast.math.distributions.OneOnX"/>
            </distribution>
        </distribution>

        <operator id='birthScaler' spec='ScaleOperator' scaleFactor="0.75" weight="1" parameter="@birthRate"/>

        <logger logEvery="1000" fileName="test.$(seed).log">
            <model idref='posterior'/>
            <log idref="posterior"/>
            <log idref='birthDeath'/>
            <log spec='beast.evolution.tree.TreeHeightLogger' tree='@tree'/>
            <log idref='birthRate'/>
            <log idref='relativeDeathRate'/>
            <log idref='sampleProbability'/>
        </logger>

        <logger logEvery="100000">
            <model idref='posterior'/>
            <log idref="posterior"/>
            <log idref='birthDeath'/>
            <log spec='beast.evolution.tree.TreeHeightLogger' tree='@tree'/>
            <log idref='birthRate'/>
            <log idref='relativeDeathRate'/>
            <log idref='sampleProbability'/>
        </logger>
    </run>

</beast>
